league,season,club,mean_value,sum_value,max_value,avg_age,total_attack_value,total_defense_value,total_midfield_value,missing,attack_value_ratio,midfield_value_ratio,defense_value_ratio
Bundesliga,2021,1.FC Köln,3202419.35483871,99275000.0,13000000.0,25.387096774193548,11100000.0,43925000.0,43500000.0,750000.0,0.11266176097437199,0.4415123065211875,0.44582593250444047
Bundesliga,2021,1.FC Union Berlin,2897500.0,115900000.0,20000000.0,26.575,38350000.0,41050000.0,36500000.0,0.0,0.33088869715271785,0.31492666091458155,0.3541846419327006
Bundesliga,2021,1.FSV Mainz 05,3853676.470588235,131025000.0,18000000.0,24.94117647058824,25750000.0,48800000.0,40475000.0,16000000.0,0.2238643773092806,0.35188002608128666,0.42425559660943274
Bundesliga,2021,Arminia Bielefeld,1936764.705882353,65850000.0,8000000.0,24.61764705882353,20500000.0,32150000.0,11700000.0,1500000.0,0.3185703185703186,0.18181818181818182,0.4996114996114996
Bundesliga,2021,Bayer 04 Leverkusen,13001428.57142857,455050000.0,70000000.0,24.571428571428573,235700000.0,159050000.0,202300000.0,0.0,0.3947743070094632,0.33883259358512685,0.26639309940540995
Bundesliga,2021,Bayern Munich,20798026.315789472,790325000.0,80000000.0,24.68421052631579,261200000.0,274300000.0,254825000.0,0.0,0.3304969474583241,0.3224306456204726,0.3470724069212033
Bundesliga,2021,Borussia Dortmund,12703977.272727272,558975000.0,150000000.0,23.931818181818183,222900000.0,132500000.0,203575000.0,0.0,0.39876559774587417,0.36419338968647974,0.23704101256764615
Bundesliga,2021,Borussia Mönchengladbach,7638709.677419355,236800000.0,27000000.0,25.35483870967742,57400000.0,91300000.0,101100000.0,0.0,0.22978382706164932,0.4047237790232186,0.3654923939151321
Bundesliga,2021,Eintracht Francfort,6354166.666666667,228750000.0,32000000.0,25.166666666666668,67700000.0,75350000.0,85700000.0,0.0,0.29595628415300546,0.3746448087431694,0.32939890710382513
Bundesliga,2021,FC Augsburg,2978125.0,95300000.0,12000000.0,25.46875,31000000.0,41400000.0,23900000.0,1000000.0,0.32191069574247144,0.2481827622014538,0.42990654205607476
Bundesliga,2021,Hertha BSC,3461666.6666666665,155775000.0,30000000.0,24.711111111111112,66650000.0,46175000.0,36950000.0,6000000.0,0.44500083458521117,0.24670338841595726,0.3082957769988316
Bundesliga,2021,RB Leipzig,14675000.0,498950000.0,80000000.0,23.852941176470587,226650000.0,168350000.0,167950000.0,0.0,0.40261124433786305,0.2983391064925837,0.29904964916955323
Bundesliga,2021,SC Fribourg,5510937.5,176350000.0,33000000.0,25.0,47450000.0,90200000.0,38700000.0,0.0,0.26906719591721007,0.21944995747093848,0.5114828466118514
Bundesliga,2021,SpVgg Greuther Fürth,1086764.705882353,36950000.0,4500000.0,24.558823529411764,13450000.0,14150000.0,9350000.0,0.0,0.36400541271989173,0.2530446549391069,0.38294993234100133
Bundesliga,2021,TSG 1899 Hoffenheim,5285625.0,211425000.0,22000000.0,24.925,49050000.0,66050000.0,95325000.0,1000000.0,0.23309967922062494,0.45301176191041936,0.31388855886895567
Bundesliga,2021,VfB Stuttgart,4467307.692307692,174225000.0,25000000.0,23.46153846153846,66000000.0,39600000.0,82925000.0,700000.0,0.35008619546479247,0.439862087256332,0.21005171727887548
Bundesliga,2021,VfL Bochum,1583333.3333333333,52250000.0,10000000.0,27.303030303030305,15900000.0,25900000.0,10450000.0,0.0,0.3043062200956938,0.2,0.49569377990430624
Bundesliga,2021,VfL Wolfsburg,7278378.378378378,269300000.0,27000000.0,25.27027027027027,99900000.0,106400000.0,70500000.0,0.0,0.3609104046242775,0.2546965317919075,0.38439306358381503
Bundesliga,2022,1.FC Köln,2965384.6153846155,115650000.0,13000000.0,24.94871794871795,22350000.0,46300000.0,47000000.0,0.0,0.1932555123216602,0.40639861651534803,0.4003458711629918
Bundesliga,2022,1.FC Union Berlin,4387500.0,157950000.0,17000000.0,26.88888888888889,32250000.0,91150000.0,41550000.0,0.0,0.19551379205819946,0.25189451348893604,0.5525916944528645
Bundesliga,2022,1.FSV Mainz 05,3994117.647058824,135800000.0,15000000.0,24.73529411764705,36600000.0,35075000.0,64125000.0,0.0,0.2695139911634757,0.4722017673048601,0.25828424153166424
Bundesliga,2022,Bayer 04 Leverkusen,12928571.42857143,452500000.0,85000000.0,24.228571428571428,190000000.0,136950000.0,215550000.0,0.0,0.35023041474654376,0.39732718894009217,0.25244239631336407
Bundesliga,2022,Bayern Munich,27112857.14285714,948950000.0,110000000.0,25.31428571428572,258500000.0,406450000.0,284000000.0,0.0,0.2724063438537331,0.29927814953369514,0.4283155066125718
Bundesliga,2022,Borussia Dortmund,15339189.18918919,567550000.0,120000000.0,24.62162162162162,159000000.0,175900000.0,232650000.0,0.0,0.28015152849969166,0.4099198308519073,0.30992864064840103
Bundesliga,2022,Borussia Mönchengladbach,6905000.0,241675000.0,40000000.0,25.428571428571427,51350000.0,108425000.0,94900000.0,0.0,0.20162952782958674,0.37263178560910964,0.42573868656130365
Bundesliga,2022,Eintracht Francfort,9015277.777777778,324550000.0,80000000.0,25.02777777777778,133000000.0,83950000.0,107600000.0,0.0,0.40979818209828994,0.3315359728855338,0.25866584501617623
Bundesliga,2022,FC Augsburg,3148214.285714286,132225000.0,12000000.0,25.02380952380953,59500000.0,39725000.0,35900000.0,600000.0,0.44033302497687327,0.26567992599444956,0.29398704902867717
Bundesliga,2022,FC Schalke 04,2041279.0697674416,87775000.0,20000000.0,26.3953488372093,13725000.0,46100000.0,28150000.0,0.0,0.15601023017902813,0.3199772662688264,0.5240125035521455
Bundesliga,2022,Hertha BSC,2292682.926829268,94000000.0,12000000.0,25.365853658536587,39600000.0,27300000.0,24650000.0,2450000.0,0.4325505188421628,0.2692517749863463,0.298197706171491
Bundesliga,2022,RB Leipzig,16772413.793103447,486400000.0,80000000.0,25.58620689655172,176000000.0,177900000.0,162500000.0,0.0,0.34082106893880715,0.31467854376452364,0.34450038729666926
Bundesliga,2022,SC Fribourg,6929310.344827586,200950000.0,25000000.0,26.03448275862069,83500000.0,85700000.0,31750000.0,0.0,0.41552625031102264,0.15799950236377208,0.4264742473252053
Bundesliga,2022,SV Werder Bremen,2712121.212121212,89500000.0,13000000.0,24.727272727272727,28550000.0,42150000.0,19400000.0,0.0,0.31687014428412874,0.2153163152053274,0.46781354051054386
Bundesliga,2022,TSG 1899 Hoffenheim,4832432.432432433,178800000.0,24000000.0,25.75675675675676,38800000.0,62300000.0,77700000.0,0.0,0.21700223713646533,0.43456375838926176,0.3484340044742729
Bundesliga,2022,VfB Stuttgart,3873076.923076923,151050000.0,15000000.0,23.15384615384616,58900000.0,46025000.0,54125000.0,0.0,0.3703237975479409,0.34030179188934295,0.2893744105627161
Bundesliga,2022,VfL Bochum,1678125.0,53700000.0,8000000.0,27.71875,15500000.0,25500000.0,12700000.0,0.0,0.2886405959031657,0.23649906890130354,0.4748603351955307
Bundesliga,2022,VfL Wolfsburg,7221212.121212121,238300000.0,30000000.0,24.727272727272727,76900000.0,89700000.0,71700000.0,0.0,0.3227024758707511,0.3008812421317667,0.37641628199748217
Bundesliga,2023,1.FC Heidenheim 1846,2373214.285714286,66450000.0,15000000.0,26.285714285714285,38600000.0,14600000.0,13250000.0,0.0,0.580887885628292,0.19939804364183597,0.2197140707298721
Bundesliga,2023,1.FC Köln,2468181.8181818184,81450000.0,9000000.0,25.60606060606061,19900000.0,39550000.0,22000000.0,0.0,0.24432166973603436,0.27010435850214853,0.48557397176181705
Bundesliga,2023,1.FC Union Berlin,4598571.428571428,160950000.0,17000000.0,27.0,46400000.0,71750000.0,46800000.0,0.0,0.2812973628372234,0.2837223401030615,0.4349802970597151
Bundesliga,2023,1.FSV Mainz 05,4202205.882352941,142875000.0,20000000.0,25.94117647058824,45950000.0,33225000.0,63700000.0,0.0,0.3216097987751531,0.4458442694663167,0.2325459317585302
Bundesliga,2023,Bayer 04 Leverkusen,20573437.5,658350000.0,130000000.0,24.3125,109000000.0,246550000.0,317800000.0,0.0,0.16187718125788966,0.4719685156308012,0.36615430311130914
Bundesliga,2023,Bayern Munich,24747435.897435896,965150000.0,120000000.0,24.71794871794872,322500000.0,341650000.0,300000000.0,1000000.0,0.3344915210288856,0.31115490328268425,0.35435357568843023
Bundesliga,2023,Borussia Dortmund,13744444.444444444,494800000.0,40000000.0,25.13888888888889,187300000.0,179500000.0,128000000.0,0.0,0.37853678253839934,0.2586903799514956,0.3627728375101051
Bundesliga,2023,Borussia Mönchengladbach,5006818.181818182,165225000.0,20000000.0,25.545454545454547,49300000.0,75225000.0,44700000.0,0.0,0.29132811345841336,0.2641453685921111,0.44452651794947556
Bundesliga,2023,Eintracht Francfort,7101086.956521739,326650000.0,45000000.0,24.195652173913043,139400000.0,93950000.0,93300000.0,0.0,0.4267564671666922,0.2856268176947803,0.2876167151385275
Bundesliga,2023,FC Augsburg,3705263.1578947366,140800000.0,28000000.0,25.026315789473685,61200000.0,38400000.0,43700000.0,0.0,0.427076064200977,0.30495464061409633,0.26796929518492674
Bundesliga,2023,RB Leipzig,17043750.0,545400000.0,80000000.0,24.78125,138000000.0,154900000.0,252500000.0,0.0,0.253025302530253,0.46296296296296297,0.284011734506784
Bundesliga,2023,SC Fribourg,5304411.764705882,180350000.0,18000000.0,25.852941176470587,70100000.0,77400000.0,32850000.0,0.0,0.38868866093706683,0.18214582755752703,0.42916551150540616
Bundesliga,2023,SV Darmstadt 98,1138235.294117647,38700000.0,3000000.0,26.666666666666668,13100000.0,14600000.0,11000000.0,0.0,0.3385012919896641,0.2842377260981912,0.3772609819121447
Bundesliga,2023,SV Werder Bremen,3855000.0,134925000.0,15000000.0,25.914285714285715,49600000.0,44700000.0,41225000.0,0.0,0.3659841357683084,0.30418741929533294,0.3298284449363586
Bundesliga,2023,TSG 1899 Hoffenheim,5176470.588235294,176000000.0,30000000.0,25.705882352941178,54200000.0,43800000.0,78000000.0,0.0,0.3079545454545455,0.4431818181818182,0.24886363636363637
Bundesliga,2023,VfB Stuttgart,9121710.52631579,346625000.0,40000000.0,23.92105263157895,114400000.0,136225000.0,106000000.0,0.0,0.32078513845075357,0.2972309849281458,0.3819838766211006
Bundesliga,2023,VfL Bochum,1897794.1176470588,64525000.0,7000000.0,27.73529411764705,12200000.0,36700000.0,21125000.0,0.0,0.17422349161013923,0.30167797215280256,0.5240985362370582
Bundesliga,2023,VfL Wolfsburg,6256060.606060606,206450000.0,20000000.0,24.60606060606061,66200000.0,82350000.0,62900000.0,0.0,0.31307637739418304,0.29746985102861195,0.389453771577205
La Liga,2021,Athletic Bilbao,7291935.483870967,226050000.0,25000000.0,25.741935483870968,64450000.0,101100000.0,62000000.0,1000000.0,0.28323445396616126,0.2724675895407603,0.44429795649307846
La Liga,2021,Atlético de Madrid,15390697.674418604,661800000.0,70000000.0,25.27906976744186,240300000.0,229500000.0,222000000.0,0.0,0.34735472679965307,0.32090199479618386,0.33174327840416307
La Liga,2021,CA Osasuna,3389062.5,108450000.0,20000000.0,26.875,31800000.0,80250000.0,28900000.0,0.0,0.2256119191202554,0.20503724725079817,0.5693508336289465
La Liga,2021,Celta Vigo,3529411.7647058824,120000000.0,18000000.0,25.5,18000000.0,39500000.0,62500000.0,0.0,0.15,0.5208333333333334,0.32916666666666666
La Liga,2021,Cádiz CF,1832432.4324324324,67800000.0,6000000.0,27.27027027027027,20800000.0,27500000.0,18900000.0,600000.0,0.30952380952380953,0.28125,0.40922619047619047
La Liga,2021,Deportivo Alavés,1519767.441860465,65350000.0,5000000.0,25.11627906976744,30450000.0,25300000.0,20600000.0,100000.0,0.3988212180746562,0.26981008513425014,0.33136869679109365
La Liga,2021,Elche CF,1972297.2972972973,72975000.0,15000000.0,27.405405405405407,39000000.0,17325000.0,15650000.0,3000000.0,0.5418548106981591,0.21743660993400488,0.24070857936783605
La Liga,2021,Espanyol Barcelona,3463157.8947368423,131600000.0,25000000.0,25.44736842105263,58350000.0,33300000.0,47150000.0,150000.0,0.4203890489913545,0.33969740634005763,0.23991354466858789
La Liga,2021,FC Barcelone,15651063.829787234,735600000.0,80000000.0,25.106382978723403,310500000.0,214000000.0,297100000.0,0.0,0.377921129503408,0.36161148977604674,0.26046738072054526
La Liga,2021,FC Getafe,4852906.976744186,208675000.0,28000000.0,25.232558139534884,59625000.0,82900000.0,69450000.0,0.0,0.28128317018516336,0.3276329755867437,0.39108385422809294
La Liga,2021,FC Granada,2660256.4102564105,103750000.0,12000000.0,26.46153846153846,50800000.0,46850000.0,15400000.0,100000.0,0.44935869084475893,0.13622291021671826,0.4144183989385228
La Liga,2021,FC Valencia,7059090.909090909,310600000.0,50000000.0,23.63636363636364,105900000.0,101600000.0,113100000.0,0.0,0.3303181534622583,0.3527760449157829,0.3169058016219588
La Liga,2021,RCD Mallorca,1808536.5853658533,74150000.0,7500000.0,25.73170731707317,36900000.0,26200000.0,12250000.0,0.0,0.48971466489714666,0.16257465162574652,0.3477106834771068
La Liga,2021,Rayo Vallecano,1866666.6666666667,67200000.0,7500000.0,26.194444444444443,25700000.0,38300000.0,22400000.0,0.0,0.2974537037037037,0.25925925925925924,0.44328703703703703
La Liga,2021,Real Betis Balompié,6815789.47368421,259000000.0,40000000.0,27.44736842105263,62000000.0,104600000.0,107900000.0,0.0,0.22586520947176686,0.3930783242258652,0.38105646630236795
La Liga,2021,Real Madrid,21409722.222222224,770750000.0,100000000.0,25.72222222222222,269000000.0,286250000.0,221500000.0,0.0,0.3463147730930158,0.2851625362085613,0.3685226906984229
La Liga,2021,Real Sociedad,9423750.0,376950000.0,60000000.0,24.7,146300000.0,136950000.0,122200000.0,2500000.0,0.3608336416327537,0.3013935133801948,0.3377728449870514
La Liga,2021,Séville FC,8953488.372093024,385000000.0,60000000.0,25.67441860465116,153200000.0,174350000.0,69700000.0,0.0,0.38565135305223414,0.17545626179987414,0.43889238514789175
La Liga,2021,UD Levante,1854761.9047619049,77900000.0,10000000.0,26.33333333333333,25000000.0,27000000.0,29100000.0,1500000.0,0.3082614056720099,0.3588162762022195,0.33292231812577067
La Liga,2021,Villarreal CF,10484615.384615384,408900000.0,50000000.0,26.0,185900000.0,162400000.0,65600000.0,0.0,0.4491423049045663,0.1584923894660546,0.3923653056293791
La Liga,2022,Athletic Bilbao,7175806.451612903,222450000.0,30000000.0,26.64516129032258,83000000.0,79300000.0,62650000.0,0.0,0.36897088241831516,0.2785063347410536,0.35252278284063127
La Liga,2022,Atlético de Madrid,13357500.0,534300000.0,50000000.0,25.4,189650000.0,204500000.0,148300000.0,0.0,0.34961747626509354,0.27338925246566503,0.3769932712692414
La Liga,2022,CA Osasuna,4840322.580645162,150050000.0,20000000.0,26.677419354838708,54600000.0,86550000.0,43000000.0,0.0,0.29649742058104805,0.2335052945967961,0.46999728482215586
La Liga,2022,Celta Vigo,3855555.555555556,138800000.0,30000000.0,25.22222222222222,36950000.0,38650000.0,63050000.0,150000.0,0.26649837720879915,0.4547421565091958,0.27875946628200504
La Liga,2022,Cádiz CF,1395744.680851064,65600000.0,8000000.0,26.829787234042552,22600000.0,27600000.0,16200000.0,300000.0,0.34036144578313254,0.24397590361445784,0.41566265060240964
La Liga,2022,Elche CF,1687500.0,67500000.0,10000000.0,26.45,26500000.0,25500000.0,14000000.0,3000000.0,0.4015151515151515,0.21212121212121213,0.38636363636363635
La Liga,2022,Espanyol Barcelona,3148648.6486486485,116500000.0,16000000.0,25.45945945945946,37900000.0,48900000.0,38650000.0,150000.0,0.3021123953766441,0.30809087285771225,0.38979673176564367
La Liga,2022,FC Barcelone,20409756.097560976,836800000.0,100000000.0,23.951219512195124,236500000.0,290000000.0,310300000.0,0.0,0.2826242829827916,0.3708173996175908,0.34655831739961757
La Liga,2022,FC Getafe,3497058.823529412,118900000.0,25000000.0,26.0,45200000.0,38350000.0,35350000.0,0.0,0.3801513877207738,0.29730866274179985,0.32253994953742643
La Liga,2022,FC Valencia,6244375.0,249775000.0,30000000.0,24.025,58250000.0,112725000.0,119300000.0,0.0,0.200671776763414,0.4109895788476445,0.3883386443889415
La Liga,2022,Girona FC,3781081.081081081,139900000.0,22000000.0,25.135135135135137,58100000.0,52500000.0,31600000.0,0.0,0.4085794655414909,0.2222222222222222,0.3691983122362869
La Liga,2022,RCD Mallorca,2815789.4736842103,107000000.0,22000000.0,26.31578947368421,47750000.0,44300000.0,16150000.0,0.0,0.44131238447319776,0.14926062846580407,0.40942698706099817
La Liga,2022,Rayo Vallecano,3565517.2413793104,103400000.0,12000000.0,28.103448275862068,47600000.0,49300000.0,25100000.0,0.0,0.3901639344262295,0.20573770491803278,0.40409836065573773
La Liga,2022,Real Betis Balompié,6484210.52631579,246400000.0,28000000.0,27.13157894736842,74350000.0,120300000.0,98250000.0,0.0,0.25384090133151244,0.33543871628542166,0.4107203823830659
La Liga,2022,Real Madrid,25651388.888888888,923450000.0,150000000.0,25.444444444444443,318500000.0,255000000.0,354950000.0,0.0,0.34304485971242393,0.3823038397328882,0.2746513005546879
La Liga,2022,Real Sociedad,11937837.837837838,441700000.0,70000000.0,24.513513513513512,195200000.0,114600000.0,135200000.0,700000.0,0.43865168539325844,0.30382022471910114,0.2575280898876405
La Liga,2022,Real Valladolid,2213414.6341463416,90750000.0,15000000.0,26.29268292682927,34500000.0,36350000.0,22850000.0,300000.0,0.368196371398079,0.24386339381003203,0.387940234791889
La Liga,2022,Séville FC,5537500.0,232575000.0,20000000.0,26.30952380952381,118300000.0,100025000.0,53650000.0,0.0,0.434966449122162,0.19726077764500413,0.3677727732328339
La Liga,2022,UD Almería,3172222.222222222,114200000.0,18000000.0,25.416666666666668,72100000.0,30500000.0,22100000.0,0.0,0.5781876503608661,0.17722534081796312,0.24458700882117082
La Liga,2022,Villarreal CF,8453488.372093024,363500000.0,45000000.0,25.837209302325583,168500000.0,151900000.0,43300000.0,2800000.0,0.4632939235633764,0.11905416552103382,0.4176519109155898
La Liga,2023,Athletic Bilbao,9537096.774193548,295650000.0,60000000.0,26.483870967741936,123000000.0,98050000.0,75600000.0,500000.0,0.4146300353952469,0.25484577785268836,0.33052418675206474
La Liga,2023,Atlético de Madrid,10915476.19047619,458450000.0,30000000.0,26.476190476190474,172100000.0,146400000.0,144550000.0,0.0,0.37166612676816757,0.31216931216931215,0.3161645610625202
La Liga,2023,CA Osasuna,3292187.5,105350000.0,15000000.0,26.6875,29150000.0,60300000.0,38000000.0,0.0,0.2287171439780306,0.2981561396626128,0.4731267163593566
La Liga,2023,Celta Vigo,3828205.128205128,149300000.0,25000000.0,25.46153846153846,59800000.0,44000000.0,45500000.0,0.0,0.40053583389149366,0.30475552578700604,0.29470864032150035
La Liga,2023,Cádiz CF,1379545.4545454546,60700000.0,6000000.0,26.545454545454547,22900000.0,21350000.0,16850000.0,0.0,0.37479541734860883,0.27577741407528644,0.34942716857610473
La Liga,2023,Deportivo Alavés,3017073.1707317075,123700000.0,35000000.0,23.92682926829268,61350000.0,49800000.0,22000000.0,0.0,0.46075854299662033,0.16522718738265116,0.3740142696207285
La Liga,2023,FC Barcelone,24110526.315789472,916200000.0,90000000.0,23.5,288300000.0,334100000.0,293800000.0,0.0,0.3146692861820563,0.32067234228334424,0.36465837153459946
La Liga,2023,FC Getafe,3325000.0,133000000.0,25000000.0,25.175,66750000.0,41850000.0,24600000.0,0.0,0.5011261261261262,0.18468468468468469,0.3141891891891892
La Liga,2023,FC Granada,3067391.304347826,141100000.0,35000000.0,25.93478260869565,88000000.0,39550000.0,15300000.0,0.0,0.616030801540077,0.1071053552677634,0.2768638431921596
La Liga,2023,FC Valencia,6797916.666666667,244725000.0,35000000.0,23.33333333333333,69900000.0,156300000.0,84525000.0,0.0,0.22495776007723872,0.27202510258266954,0.5030171373400917
La Liga,2023,Girona FC,8051351.351351351,297900000.0,50000000.0,25.135135135135137,125850000.0,102450000.0,72300000.0,0.0,0.4186626746506986,0.2405189620758483,0.3408183632734531
La Liga,2023,RCD Mallorca,2505714.285714286,87700000.0,12000000.0,26.457142857142856,23800000.0,41650000.0,23350000.0,0.0,0.268018018018018,0.26295045045045046,0.46903153153153154
La Liga,2023,Rayo Vallecano,2131666.6666666665,63950000.0,8000000.0,28.33333333333333,25600000.0,27300000.0,20100000.0,0.0,0.3506849315068493,0.27534246575342464,0.37397260273972605
La Liga,2023,Real Betis Balompié,5354166.666666667,224875000.0,25000000.0,26.59523809523809,60000000.0,92425000.0,106950000.0,0.0,0.23132530120481928,0.41233734939759037,0.3563373493975904
La Liga,2023,Real Madrid,32011627.906976745,1376500000.0,180000000.0,24.627906976744185,610800000.0,234300000.0,532600000.0,100000.0,0.44334760833272846,0.3865863395514263,0.17006605211584525
La Liga,2023,Real Sociedad,12462500.0,498500000.0,50000000.0,24.725,172150000.0,149450000.0,187700000.0,1200000.0,0.33801295896328293,0.3685450618495975,0.29344197918711956
La Liga,2023,Séville FC,4668367.346938776,228750000.0,20000000.0,26.163265306122447,93650000.0,94750000.0,62150000.0,200000.0,0.37377768908401515,0.24805428058271803,0.3781680303332668
La Liga,2023,UD Almería,2424390.24390244,99400000.0,10000000.0,24.82926829268293,39600000.0,37300000.0,36000000.0,0.0,0.3507528786536758,0.31886625332152346,0.3303808680248007
La Liga,2023,UD Las Palmas,3211428.571428572,112400000.0,15000000.0,25.542857142857144,9000000.0,56700000.0,46700000.0,0.0,0.0800711743772242,0.41548042704626337,0.5044483985765125
La Liga,2023,Villarreal CF,6474358.974358974,252500000.0,40000000.0,26.64102564102564,156800000.0,76800000.0,20700000.0,0.0,0.6165945733385765,0.081399921352733,0.3020055053086905
Ligue 1,2021,AS Monaco,9658536.585365854,396000000.0,60000000.0,23.29268292682927,121850000.0,168450000.0,124700000.0,0.0,0.2936144578313253,0.30048192771084337,0.40590361445783135
Ligue 1,2021,AS Saint-Étienne,2401136.363636364,105650000.0,10000000.0,23.954545454545453,29000000.0,43750000.0,34100000.0,0.0,0.271408516612073,0.3191389798783341,0.4094525035095929
Ligue 1,2021,Angers SCO,2355263.1578947366,89500000.0,15000000.0,25.36842105263158,41650000.0,17400000.0,30450000.0,0.0,0.4653631284916201,0.34022346368715084,0.19441340782122904
Ligue 1,2021,Clermont Foot 63,1412820.5128205128,55100000.0,12000000.0,25.102564102564106,21850000.0,18400000.0,14850000.0,0.0,0.39655172413793105,0.2695099818511797,0.3339382940108893
Ligue 1,2021,ESTAC Troyes,1464000.0,73200000.0,5000000.0,24.6,23450000.0,30750000.0,19200000.0,0.0,0.3194822888283379,0.2615803814713896,0.4189373297002725
Ligue 1,2021,FC Girondins de Bordeaux,2163888.888888889,116850000.0,9000000.0,23.98148148148148,35700000.0,36650000.0,57800000.0,700000.0,0.2742988859008836,0.4441029581252401,0.2815981559738763
Ligue 1,2021,FC Lorient,1751428.5714285714,61300000.0,9000000.0,25.37142857142857,28000000.0,17350000.0,15800000.0,150000.0,0.4578904333605887,0.2583810302534751,0.2837285363859362
Ligue 1,2021,FC Metz,2220731.7073170734,91050000.0,15000000.0,25.0,23000000.0,38350000.0,31200000.0,0.0,0.2485143165856294,0.3371150729335494,0.4143706104808212
Ligue 1,2021,FC Nantes,3633870.967741936,112650000.0,16000000.0,25.580645161290324,54400000.0,42200000.0,16050000.0,0.0,0.4829116733244563,0.14247669773635152,0.3746116289391922
Ligue 1,2021,LOSC Lille,7484756.097560976,306875000.0,45000000.0,24.04878048780488,110975000.0,104600000.0,91300000.0,0.0,0.36162932790224034,0.29751527494908353,0.3408553971486762
Ligue 1,2021,Montpellier Hérault SC,4016666.6666666665,144600000.0,18000000.0,24.83333333333333,62450000.0,43650000.0,46500000.0,0.0,0.40923984272608127,0.30471821756225426,0.2860419397116645
Ligue 1,2021,OGC Nice,7825000.0,266050000.0,42000000.0,23.823529411764707,87500000.0,89250000.0,89300000.0,0.0,0.32888554782935536,0.3356511933847021,0.3354632587859425
Ligue 1,2021,Olympique Lyonnais,9942500.0,397700000.0,40000000.0,24.325,82350000.0,96000000.0,221350000.0,0.0,0.2060295221416062,0.5537903427570678,0.240180135101326
Ligue 1,2021,Olympique de Marseille,7492105.263157895,284700000.0,30000000.0,23.526315789473685,81900000.0,96800000.0,114500000.0,0.0,0.27933151432469305,0.39051841746248295,0.330150068212824
Ligue 1,2021,Paris Saint-Germain,21345121.95121952,875150000.0,160000000.0,25.682926829268293,522400000.0,368350000.0,151400000.0,0.0,0.5012714100657295,0.14527659166146908,0.35345199827280144
Ligue 1,2021,RC Lens,4401428.571428572,154050000.0,25000000.0,24.82857142857143,34850000.0,62050000.0,57300000.0,0.0,0.22600518806744488,0.3715953307392996,0.4023994811932555
Ligue 1,2021,RC Strasbourg Alsace,3637878.787878788,120050000.0,16000000.0,24.848484848484848,35300000.0,42400000.0,42350000.0,0.0,0.2940441482715535,0.35276967930029157,0.3531861724281549
Ligue 1,2021,Stade Brestois 29,3438333.333333333,103150000.0,15000000.0,25.433333333333334,39000000.0,33550000.0,30600000.0,0.0,0.37809015996122153,0.29665535627726614,0.32525448376151234
Ligue 1,2021,Stade Rennais FC,8481944.444444444,305350000.0,55000000.0,22.86111111111111,101600000.0,80000000.0,123750000.0,0.0,0.33273292942524973,0.4052726379564434,0.26199443261830685
Ligue 1,2021,Stade de Reims,3735000.0,149400000.0,28000000.0,23.475,65000000.0,46450000.0,38450000.0,0.0,0.4336224149432955,0.2565043362241494,0.309873248832555
Ligue 1,2022,AC Ajaccio,658536.5853658536,27000000.0,2500000.0,26.60975609756097,10050000.0,9950000.0,5450000.0,1700000.0,0.3948919449901768,0.21414538310412573,0.39096267190569745
Ligue 1,2022,AJ Auxerre,1304761.9047619049,54800000.0,6000000.0,25.976190476190474,15350000.0,27650000.0,15450000.0,0.0,0.262617621899059,0.2643284858853721,0.47305389221556887
Ligue 1,2022,AS Monaco,11509375.0,368300000.0,40000000.0,23.8125,145000000.0,174500000.0,98800000.0,0.0,0.34664116662682287,0.23619411905331103,0.4171647143198661
Ligue 1,2022,Angers SCO,1631818.181818182,71800000.0,12000000.0,24.613636363636363,28050000.0,17250000.0,28000000.0,0.0,0.38267394270122784,0.3819918144611187,0.23533424283765347
Ligue 1,2022,Clermont Foot 63,1454545.4545454546,48000000.0,7000000.0,25.848484848484848,11500000.0,22300000.0,14200000.0,0.0,0.23958333333333334,0.29583333333333334,0.46458333333333335
Ligue 1,2022,ESTAC Troyes,1860975.6097560977,76300000.0,8000000.0,24.414634146341463,30750000.0,23950000.0,21600000.0,0.0,0.4030144167758847,0.28309305373525556,0.31389252948885976
Ligue 1,2022,FC Lorient,4177380.952380952,175450000.0,25000000.0,24.142857142857142,83400000.0,37100000.0,54800000.0,150000.0,0.4757558471192242,0.31260695949800343,0.2116371933827724
Ligue 1,2022,FC Nantes,3223648.6486486485,119275000.0,20000000.0,25.486486486486488,57675000.0,65400000.0,24200000.0,0.0,0.39161432693939907,0.16431845187574265,0.44406722118485825
Ligue 1,2022,LOSC Lille,7513636.363636363,247950000.0,60000000.0,24.818181818181817,120700000.0,81650000.0,61500000.0,100000.0,0.45745688838355125,0.23308698123934055,0.30945613037710823
Ligue 1,2022,Montpellier Hérault SC,3664102.564102564,142900000.0,35000000.0,24.64102564102564,55700000.0,58750000.0,31900000.0,150000.0,0.3805944653228562,0.21797061838059448,0.40143491629654937
Ligue 1,2022,OGC Nice,7580487.804878049,310800000.0,40000000.0,23.853658536585368,124000000.0,92100000.0,94700000.0,2500000.0,0.398970398970399,0.3046975546975547,0.29633204633204635
Ligue 1,2022,Olympique Lyonnais,10322058.823529411,350950000.0,45000000.0,24.91176470588235,97300000.0,94650000.0,159000000.0,0.0,0.2772474711497364,0.453055990881892,0.26969653796837156
Ligue 1,2022,Olympique de Marseille,8960810.81081081,331550000.0,25000000.0,25.16216216216216,79800000.0,129550000.0,148200000.0,0.0,0.22318556845196477,0.4144874842679346,0.3623269472801007
Ligue 1,2022,Paris Saint-Germain,24083783.783783782,891100000.0,180000000.0,25.486486486486488,530500000.0,330600000.0,202000000.0,0.0,0.4990123224532029,0.1900103470981093,0.3109773304486878
Ligue 1,2022,RC Lens,6107692.307692308,238200000.0,35000000.0,24.89743589743589,51150000.0,91500000.0,95800000.0,0.0,0.21451037953449362,0.40176137555042984,0.3837282449150765
Ligue 1,2022,RC Strasbourg Alsace,3431944.4444444445,123550000.0,18000000.0,25.55555555555556,30150000.0,48800000.0,44600000.0,0.0,0.24403075677863215,0.36098745447187375,0.39498178874949413
Ligue 1,2022,Stade Brestois 29,2395312.5,76650000.0,10000000.0,25.8125,33150000.0,28400000.0,15100000.0,0.0,0.4324853228962818,0.19699934768427918,0.370515329419439
Ligue 1,2022,Stade Rennais FC,10203947.368421054,387750000.0,35000000.0,23.81578947368421,197650000.0,116750000.0,73350000.0,0.0,0.5097356544165055,0.18916827852998067,0.3010960670535139
Ligue 1,2022,Stade de Reims,3976250.0,159050000.0,30000000.0,23.375,63800000.0,58250000.0,36300000.0,700000.0,0.4029049573729081,0.22923902747079256,0.36785601515629934
Ligue 1,2022,Toulouse FC,2832432.4324324327,104800000.0,12000000.0,23.54054054054054,38400000.0,31450000.0,34950000.0,0.0,0.366412213740458,0.33349236641221375,0.30009541984732824
Ligue 1,2023,AS Monaco,9963750.0,398550000.0,30000000.0,23.55,154100000.0,158800000.0,125950000.0,0.0,0.3511450381679389,0.28700011393414604,0.361854847897915
Ligue 1,2023,Clermont Foot 63,1704166.6666666667,61350000.0,9000000.0,24.77777777777778,17100000.0,33500000.0,10750000.0,0.0,0.2787286063569682,0.1752241238793806,0.5460472697636511
Ligue 1,2023,FC Lorient,2930000.0,131850000.0,15000000.0,24.155555555555555,42750000.0,49350000.0,50250000.0,0.0,0.30031612223393045,0.3530031612223393,0.3466807165437302
Ligue 1,2023,FC Metz,1767567.5675675676,65400000.0,15000000.0,25.054054054054053,29500000.0,15100000.0,21300000.0,0.0,0.44764795144157815,0.3232169954476479,0.2291350531107739
Ligue 1,2023,FC Nantes,2927906.976744186,125900000.0,12000000.0,24.72093023255814,57600000.0,61850000.0,20450000.0,0.0,0.411722659042173,0.1461758398856326,0.4421015010721944
Ligue 1,2023,LOSC Lille,8021951.219512195,328900000.0,50000000.0,23.29268292682927,91450000.0,141450000.0,96000000.0,0.0,0.27804803891760416,0.2918820310124658,0.43006993006993005
Ligue 1,2023,Le Havre AC,2071428.571428572,72500000.0,10000000.0,24.685714285714287,19900000.0,30650000.0,24950000.0,0.0,0.2635761589403974,0.3304635761589404,0.4059602649006622
Ligue 1,2023,Montpellier Hérault SC,3934459.4594594594,145575000.0,35000000.0,24.37837837837838,72975000.0,42800000.0,29800000.0,0.0,0.5012879958784132,0.20470547827580285,0.29400652584578396
Ligue 1,2023,OGC Nice,7073026.315789473,268775000.0,35000000.0,24.0,88800000.0,111325000.0,68650000.0,0.0,0.33038787089573063,0.25541810064180076,0.4141940284624686
Ligue 1,2023,Olympique Lyonnais,7844871.794871795,305950000.0,50000000.0,24.94871794871795,145500000.0,68850000.0,91300000.0,300000.0,0.47603468018975953,0.2987076721740553,0.22525764763618517
Ligue 1,2023,Olympique de Marseille,6355102.040816327,311400000.0,25000000.0,23.877551020408163,98850000.0,117750000.0,116800000.0,0.0,0.29649070185962806,0.35032993401319734,0.35317936412717454
Ligue 1,2023,Paris Saint-Germain,28362500.0,1021050000.0,180000000.0,24.416666666666668,607500000.0,310050000.0,223500000.0,30000000.0,0.5324043644012094,0.19587222295254372,0.2717234126462469
Ligue 1,2023,RC Lens,5410526.315789473,205600000.0,35000000.0,25.394736842105264,48800000.0,100550000.0,56250000.0,0.0,0.23735408560311283,0.27358949416342415,0.489056420233463
Ligue 1,2023,RC Strasbourg Alsace,4043589.743589744,157700000.0,18000000.0,23.56410256410257,42100000.0,51100000.0,64500000.0,0.0,0.26696258719086874,0.409004438807863,0.32403297400126824
Ligue 1,2023,Stade Brestois 29,3714516.129032258,115150000.0,12000000.0,25.451612903225808,33850000.0,46200000.0,35100000.0,0.0,0.29396439426834564,0.30481980026052974,0.4012158054711246
Ligue 1,2023,Stade Rennais FC,10426388.888888888,375350000.0,65000000.0,24.38888888888889,197000000.0,95250000.0,83100000.0,0.0,0.5248434794192087,0.22139336619155456,0.2537631543892367
Ligue 1,2023,Stade de Reims,3450000.0,134550000.0,12000000.0,23.46153846153846,36200000.0,52850000.0,45500000.0,0.0,0.2690449646971386,0.33816425120772947,0.3927907840951319
Ligue 1,2023,Toulouse FC,3723076.923076923,145200000.0,18000000.0,22.846153846153847,40300000.0,67700000.0,37200000.0,0.0,0.2775482093663912,0.256198347107438,0.4662534435261708
Premier League,2021,Arsenal FC,14952439.024390245,613050000.0,65000000.0,23.414634146341463,187100000.0,253650000.0,170300000.0,2000000.0,0.3061942557892153,0.2787005973324605,0.41510514687832417
Premier League,2021,Aston Villa,11085227.272727272,487750000.0,38000000.0,24.181818181818183,132700000.0,179400000.0,204650000.0,0.0,0.25679729075955493,0.3960328979196904,0.3471698113207547
Premier League,2021,Brighton & Hove Albion,7395348.837209302,318000000.0,35000000.0,24.09302325581396,73900000.0,141100000.0,101000000.0,2000000.0,0.23386075949367088,0.31962025316455694,0.44651898734177214
Premier League,2021,Burnley FC,3938571.4285714286,137850000.0,22000000.0,27.34285714285714,47500000.0,60300000.0,30050000.0,0.0,0.3445774392455568,0.2179905694595575,0.43743199129488575
Premier League,2021,Chelsea FC,20784090.90909091,914500000.0,75000000.0,25.09090909090909,408200000.0,417900000.0,270900000.0,0.0,0.37210574293527804,0.24694621695533273,0.38094804010938926
Premier League,2021,Crystal Palace,8213636.363636363,271050000.0,38000000.0,25.939393939393938,100550000.0,95300000.0,75200000.0,0.0,0.37096476664821987,0.2774395867921048,0.35159564655967535
Premier League,2021,FC Brentford,7192105.263157895,273300000.0,35000000.0,24.26315789473684,92100000.0,100500000.0,84700000.0,0.0,0.3321312657771367,0.30544536602957084,0.36242336819329246
Premier League,2021,FC Everton,11405952.38095238,479050000.0,48000000.0,25.5,191600000.0,198450000.0,140000000.0,0.0,0.3614753325158004,0.26412602584661826,0.37439864163758135
Premier League,2021,FC Liverpool,18753061.2244898,918900000.0,90000000.0,23.959183673469383,395100000.0,435800000.0,312500000.0,68000000.0,0.3455483645268497,0.27330767885254503,0.38114395662060524
Premier League,2021,FC Southampton,8312121.212121212,274300000.0,32000000.0,25.12121212121212,101300000.0,136050000.0,56950000.0,0.0,0.34420659191301395,0.19351002378525314,0.46228338430173294
Premier League,2021,FC Watford,3323404.255319149,156200000.0,27000000.0,25.829787234042552,111800000.0,106800000.0,49350000.0,250000.0,0.4172420227654413,0.18417615226721404,0.3985818249673447
Premier League,2021,Leeds United,8555714.285714285,299450000.0,50000000.0,23.457142857142856,150200000.0,106100000.0,61150000.0,0.0,0.4731453772247598,0.19262876043471414,0.3342258623405261
Premier League,2021,Leicester City,13163750.0,526550000.0,60000000.0,25.125,103300000.0,207500000.0,221500000.0,250000.0,0.19406349802742814,0.41611873003945143,0.3898177719331204
Premier League,2021,Manchester City,25735897.43589744,1003700000.0,90000000.0,24.307692307692307,380800000.0,421400000.0,331000000.0,0.0,0.33603953406283094,0.29209318743381574,0.3718672785033533
Premier League,2021,Manchester United,17887209.30232558,769150000.0,85000000.0,25.48837209302325,245500000.0,266450000.0,257200000.0,0.0,0.31918351426899827,0.3343951114867061,0.34642137424429564
Premier League,2021,Newcastle United,9232352.94117647,313900000.0,40000000.0,27.38235294117647,92500000.0,99600000.0,139800000.0,0.0,0.27869840313347394,0.42121120819523955,0.3000903886712865
Premier League,2021,Norwich City,3626666.6666666665,163200000.0,22000000.0,24.22222222222222,37700000.0,72550000.0,51450000.0,1500000.0,0.23314780457637602,0.3181818181818182,0.4486703772418058
Premier League,2021,Tottenham Hotspur,15318888.888888888,689350000.0,90000000.0,23.488888888888887,225150000.0,268800000.0,215400000.0,0.0,0.3174032565024318,0.3036582787058575,0.3789384647917107
Premier League,2021,West Ham United,9591891.891891891,354900000.0,80000000.0,25.864864864864863,80700000.0,83900000.0,190300000.0,0.0,0.22738799661876585,0.5362073823612286,0.23640462102000565
Premier League,2021,Wolverhampton Wanderers,9919736.842105264,376950000.0,40000000.0,24.36842105263158,164000000.0,170600000.0,107650000.0,200000.0,0.3708309779536461,0.2434143583945732,0.3857546636517807
Premier League,2022,AFC Bournemouth,6110638.29787234,287200000.0,25000000.0,24.42553191489361,83500000.0,100200000.0,109600000.0,100000.0,0.28469144220934195,0.37367882713944767,0.3416297306512104
Premier League,2022,Arsenal FC,23826190.47619048,1000700000.0,120000000.0,23.476190476190474,439700000.0,408000000.0,277100000.0,250000.0,0.39091394025604553,0.24635490753911807,0.3627311522048364
Premier League,2022,Aston Villa,11850000.0,509550000.0,42000000.0,24.906976744186046,121800000.0,180300000.0,235450000.0,0.0,0.2265835736210585,0.43800576690540416,0.3354106594735373
Premier League,2022,Brighton & Hove Albion,12614285.714285716,529800000.0,75000000.0,23.642857142857142,155000000.0,158325000.0,216275000.0,200000.0,0.2926737160120846,0.40837424471299094,0.2989520392749245
Premier League,2022,Chelsea FC,23138372.09302325,994950000.0,80000000.0,24.69767441860465,388000000.0,425950000.0,323000000.0,0.0,0.34126390782356303,0.2840934078015744,0.3746426843748626
Premier League,2022,Crystal Palace,8283333.333333333,323050000.0,40000000.0,24.89743589743589,91100000.0,113850000.0,118100000.0,0.0,0.2819996904503947,0.36557808388794305,0.35242222566166226
Premier League,2022,FC Brentford,10311111.111111112,371200000.0,35000000.0,24.80555555555556,137900000.0,132800000.0,100500000.0,0.0,0.3714978448275862,0.2707435344827586,0.3577586206896552
Premier League,2022,FC Everton,10328750.0,413150000.0,45000000.0,26.325,130650000.0,162600000.0,150700000.0,200000.0,0.29428989751098095,0.3394526410631828,0.36625746142583626
Premier League,2022,FC Fulham,6278723.404255319,295100000.0,40000000.0,25.34042553191489,102650000.0,100800000.0,94650000.0,0.0,0.3443475343844348,0.3175109023817511,0.33814156323381417
Premier League,2022,FC Liverpool,20816666.666666668,811850000.0,75000000.0,25.102564102564106,363000000.0,332800000.0,273050000.0,46000000.0,0.37467100170305,0.281828972493162,0.343500025803788
Premier League,2022,FC Southampton,9129347.826086955,419950000.0,38000000.0,24.217391304347824,117200000.0,182350000.0,134400000.0,0.0,0.2700771978338518,0.3097131005876253,0.4202097015785229
Premier League,2022,Leeds United,7343617.021276596,345150000.0,25000000.0,23.46808510638298,148000000.0,124800000.0,84350000.0,0.0,0.4143917121657567,0.23617527649447012,0.3494330113397732
Premier League,2022,Leicester City,12913157.89473684,490700000.0,60000000.0,25.92105263157895,111550000.0,214300000.0,170850000.0,0.0,0.22458224280249647,0.3439702033420576,0.4314475538554459
Premier League,2022,Manchester City,33704411.76470588,1145950000.0,180000000.0,25.47058823529412,463300000.0,454200000.0,358450000.0,0.0,0.3631020024295623,0.28092793604765076,0.35597006152278693
Premier League,2022,Manchester United,17661458.333333332,847750000.0,80000000.0,24.9375,358200000.0,310750000.0,238800000.0,0.0,0.3946020380060589,0.2630680253373726,0.3423299366565684
Premier League,2022,Newcastle United,14252631.578947367,541600000.0,70000000.0,27.789473684210527,214000000.0,132600000.0,211000000.0,0.0,0.3837876614060258,0.3784074605451937,0.23780487804878048
Premier League,2022,Nottingham Forest,7525000.0,376250000.0,40000000.0,26.12,145000000.0,207250000.0,194000000.0,0.0,0.2654462242562929,0.3551487414187643,0.37940503432494277
Premier League,2022,Tottenham Hotspur,19091176.47058824,649100000.0,90000000.0,25.352941176470587,241300000.0,238300000.0,184500000.0,0.0,0.36334889323897,0.27781960548110224,0.35883150127992774
Premier League,2022,West Ham United,10581818.181818182,465600000.0,90000000.0,24.90909090909091,116750000.0,121600000.0,227250000.0,0.0,0.2507517182130584,0.4880798969072165,0.2611683848797251
Premier League,2022,Wolverhampton Wanderers,11573255.813953487,497650000.0,45000000.0,25.27906976744186,167000000.0,190850000.0,193300000.0,0.0,0.3030028123015513,0.3507212192688016,0.3462759684296471
Premier League,2023,AFC Bournemouth,9569047.61904762,401900000.0,40000000.0,25.142857142857142,122600000.0,134500000.0,153800000.0,0.0,0.2983694329520565,0.37430031637868094,0.3273302506692626
Premier League,2023,Arsenal FC,30076250.0,1203050000.0,140000000.0,24.125,459600000.0,456350000.0,345100000.0,0.0,0.36445818960390153,0.2736608381903969,0.3618809722057016
Premier League,2023,Aston Villa,15770000.0,709650000.0,70000000.0,24.42222222222222,219000000.0,215950000.0,302700000.0,0.0,0.29688876838609096,0.410357215481597,0.29275401613231206
Premier League,2023,Brighton & Hove Albion,10702040.81632653,524400000.0,50000000.0,23.6734693877551,337850000.0,383000000.0,180250000.0,300000.0,0.3749306403284874,0.20003329264232605,0.42503606702918656
Premier League,2023,Burnley FC,7012179.487179487,273475000.0,20000000.0,24.692307692307693,100825000.0,105850000.0,101800000.0,0.0,0.32684982575573385,0.3300105356998136,0.34313963854445256
Premier League,2023,Chelsea FC,18103571.42857143,1013800000.0,80000000.0,21.678571428571427,246000000.0,426200000.0,382600000.0,0.0,0.23321956769055746,0.3627227910504361,0.40405764125900645
Premier League,2023,Crystal Palace,11164375.0,446575000.0,55000000.0,24.575,101825000.0,161650000.0,183100000.0,0.0,0.22801321166657337,0.4100095168784639,0.3619772714549628
Premier League,2023,FC Brentford,10214880.952380951,429025000.0,50000000.0,24.5,167600000.0,144800000.0,116625000.0,0.0,0.39065322533651886,0.2718373055183264,0.33750946914515473
Premier League,2023,FC Everton,11522058.823529411,391750000.0,50000000.0,26.264705882352946,125500000.0,173100000.0,123150000.0,0.0,0.2975696502667457,0.2919976289270895,0.4104327208061648
Premier League,2023,FC Fulham,10981428.57142857,384350000.0,55000000.0,26.37142857142857,153500000.0,147350000.0,113500000.0,0.0,0.37045975624472066,0.2739230119464221,0.35561723180885724
Premier League,2023,FC Liverpool,21236666.666666668,955650000.0,75000000.0,23.68888888888889,341200000.0,333350000.0,305600000.0,3500000.0,0.34810998316584196,0.31178901188593583,0.3401010049482222
Premier League,2023,Luton Town,3063043.4782608696,140900000.0,15000000.0,25.23913043478261,46900000.0,49900000.0,44100000.0,0.0,0.33286018452803406,0.3129879347054649,0.35415188076650106
Premier League,2023,Manchester City,40625000.0,1462500000.0,180000000.0,25.194444444444443,582000000.0,552200000.0,483300000.0,0.0,0.3598145285935085,0.29879443585780524,0.3413910355486862
Premier League,2023,Manchester United,17572826.086956523,808350000.0,70000000.0,24.32608695652174,292200000.0,289050000.0,252100000.0,0.0,0.3506329873402532,0.3025139497210056,0.34685306293874124
Premier League,2023,Newcastle United,14494444.444444444,652250000.0,85000000.0,25.8,221650000.0,171700000.0,271900000.0,0.0,0.3331830139045472,0.4087185268695979,0.25809845922585495
Premier League,2023,Nottingham Forest,10898913.043478262,501350000.0,48000000.0,26.15217391304348,195400000.0,226050000.0,252400000.0,0.0,0.2899755138383913,0.374564072122876,0.33546041403873267
Premier League,2023,Sheffield United,3387777.777777778,152450000.0,18000000.0,24.155555555555555,37400000.0,66500000.0,53550000.0,0.0,0.23753572562718323,0.340107970784376,0.4223563035884408
Premier League,2023,Tottenham Hotspur,20451219.51219512,838500000.0,70000000.0,25.121951219512194,189500000.0,370000000.0,289000000.0,0.0,0.22333529758397172,0.34060106069534474,0.43606364172068357
Premier League,2023,West Ham United,13541666.666666666,487500000.0,65000000.0,26.08333333333333,144000000.0,132150000.0,211350000.0,0.0,0.2953846153846154,0.43353846153846154,0.2710769230769231
Premier League,2023,Wolverhampton Wanderers,9419680.851063829,442725000.0,55000000.0,23.382978723404257,157000000.0,185475000.0,135250000.0,0.0,0.32864095452404624,0.28311266942278507,0.38824637605316864
Serie A,2021,AC Milan,14782432.432432432,546950000.0,70000000.0,25.27027027027027,143100000.0,228950000.0,165150000.0,9750000.0,0.26638123603871927,0.30742740134028296,0.42619136262099777
Serie A,2021,ACF Fiorentina,8573684.210526315,325800000.0,85000000.0,25.44736842105263,179800000.0,89650000.0,95350000.0,0.0,0.4928728070175439,0.26137609649122806,0.24575109649122806
Serie A,2021,AS Roma,9775641.025641026,381250000.0,50000000.0,23.7948717948718,85600000.0,133350000.0,162300000.0,0.0,0.22452459016393442,0.42570491803278687,0.3497704918032787
Serie A,2021,Atalanta BC,9062500.0,398750000.0,28000000.0,24.52272727272728,80950000.0,159750000.0,158050000.0,0.0,0.20300940438871473,0.39636363636363636,0.4006269592476489
Serie A,2021,Cagliari Calcio,2924456.5217391304,134525000.0,17000000.0,25.043478260869566,62550000.0,103125000.0,64250000.0,600000.0,0.2720452321409155,0.27943894748287484,0.44851582037620963
Serie A,2021,FC Bologna,4137777.777777778,186200000.0,25000000.0,23.73333333333333,57300000.0,79200000.0,49700000.0,0.0,0.30773361976369495,0.2669172932330827,0.4253490870032223
Serie A,2021,FC Empoli,3162500.0,126500000.0,20000000.0,24.475,29800000.0,39450000.0,57250000.0,0.0,0.23557312252964427,0.4525691699604743,0.3118577075098814
Serie A,2021,Genoa CFC,2580319.14893617,121275000.0,10000000.0,26.06382978723404,29200000.0,51025000.0,43550000.0,0.0,0.2359119369824278,0.35184811149262774,0.41223995152494447
Serie A,2021,Hellas Verona,3790116.2790697673,162975000.0,20000000.0,24.67441860465116,53100000.0,52100000.0,56975000.0,800000.0,0.3274240789270849,0.35131802065669804,0.32125790041621705
Serie A,2021,Inter Milan,15515277.777777778,558550000.0,75000000.0,27.166666666666668,140000000.0,177300000.0,133750000.0,111000000.0,0.3103868750692828,0.29653031814654696,0.3930828067841703
Serie A,2021,Juventus Turin,14941860.46511628,642500000.0,85000000.0,25.0,312700000.0,151200000.0,258600000.0,1000000.0,0.43280276816609,0.35792387543252596,0.2092733564013841
Serie A,2021,Lazio Rome,7557857.142857143,264525000.0,70000000.0,26.942857142857143,85600000.0,66400000.0,136800000.0,725000.0,0.296398891966759,0.47368421052631576,0.2299168975069252
Serie A,2021,SSC Napoli,12897972.972972972,477225000.0,65000000.0,25.324324324324323,164000000.0,134875000.0,182850000.0,0.0,0.340443198920546,0.37957340806476725,0.2799833930146868
Serie A,2021,Spezia Calcio,2308823.529411765,78500000.0,8500000.0,23.58823529411765,21750000.0,27350000.0,29400000.0,0.0,0.2770700636942675,0.37452229299363055,0.3484076433121019
Serie A,2021,Torino FC,5448780.487804879,223400000.0,35000000.0,24.804878048780488,56225000.0,87875000.0,79100000.0,200000.0,0.2519041218637993,0.35439068100358423,0.3937051971326165
Serie A,2021,UC Sampdoria,2794565.217391304,128550000.0,15000000.0,26.195652173913043,26050000.0,45925000.0,56575000.0,0.0,0.20264488525865423,0.44010112796577205,0.3572539867755737
Serie A,2021,US Salernitana 1919,1383529.4117647058,70560000.0,13000000.0,25.88235294117647,19110000.0,15750000.0,38300000.0,0.0,0.26120831055221433,0.5235101148168398,0.21528157463094588
Serie A,2021,US Sassuolo,5837209.302325581,251000000.0,35000000.0,25.023255813953487,127425000.0,45925000.0,66850000.0,21800000.0,0.5304954204829309,0.2783097418817652,0.19119483763530393
Serie A,2021,Udinese Calcio,3234090.909090909,142300000.0,20000000.0,24.954545454545453,37100000.0,88850000.0,26275000.0,75000.0,0.24371818032517656,0.17260633930037772,0.5836754803744457
Serie A,2021,Venezia FC,1587745.0980392157,80975000.0,13000000.0,24.745098039215687,20100000.0,32250000.0,30325000.0,0.0,0.2431206531599637,0.3667977018445721,0.39008164499546416
Serie A,2022,AC Milan,15141666.666666666,545100000.0,90000000.0,25.83333333333333,147500000.0,236525000.0,155075000.0,6000000.0,0.27360415507327024,0.2876553515117789,0.43874049341495086
Serie A,2022,AC Monza,3309756.097560976,135700000.0,18000000.0,26.121951219512194,32475000.0,57600000.0,56125000.0,1500000.0,0.22212722298221615,0.3838919288645691,0.39398084815321477
Serie A,2022,ACF Fiorentina,6810526.315789473,258800000.0,30000000.0,25.157894736842103,129600000.0,99500000.0,109700000.0,0.0,0.3825265643447462,0.32378984651711923,0.2936835891381346
Serie A,2022,AS Roma,7688829.787234043,361375000.0,40000000.0,23.659574468085108,110300000.0,119475000.0,143600000.0,0.0,0.295413458319384,0.3845999330431871,0.31998660863742884
Serie A,2022,Atalanta BC,8904605.263157895,338375000.0,45000000.0,24.42105263157895,102300000.0,127575000.0,108500000.0,0.0,0.3023272995936461,0.32065016623568526,0.3770225341706686
Serie A,2022,FC Bologna,4042763.1578947366,153625000.0,17000000.0,24.86842105263158,41300000.0,56075000.0,60050000.0,0.0,0.2623471494362395,0.38145148483404795,0.35620136572971256
Serie A,2022,FC Empoli,2852840.909090909,125525000.0,16000000.0,24.27272727272728,28100000.0,49250000.0,48175000.0,0.0,0.22385978888667596,0.383788090021908,0.39235212109141604
Serie A,2022,Hellas Verona,2693152.1739130435,123885000.0,19000000.0,24.67391304347826,17050000.0,49260000.0,57575000.0,0.0,0.13762763853573878,0.4647455301287484,0.3976268313355128
Serie A,2022,Inter Milan,16215714.285714284,567550000.0,85000000.0,26.4,139850000.0,193400000.0,154800000.0,79500000.0,0.28654850937403953,0.31718061674008813,0.39627087388587234
Serie A,2022,Juventus Turin,12078125.0,483125000.0,70000000.0,25.4,191000000.0,108025000.0,273300000.0,800000.0,0.3337264666055126,0.4775258812737518,0.1887476521207356
Serie A,2022,Lazio Rome,8073484.848484849,266425000.0,50000000.0,25.939393939393938,75750000.0,89875000.0,105600000.0,450000.0,0.27928841367868007,0.3893446400589916,0.3313669462623283
Serie A,2022,SSC Napoli,21099193.54838709,654075000.0,120000000.0,26.193548387096776,306000000.0,177375000.0,170700000.0,0.0,0.4678362573099415,0.26097924549936935,0.27118449719068916
Serie A,2022,Spezia Calcio,2412708.333333333,115810000.0,25000000.0,24.4375,21950000.0,61535000.0,30825000.0,3000000.0,0.19202169538972969,0.2696614469425247,0.5383168576677456
Serie A,2022,Torino FC,5189078.947368421,197185000.0,25000000.0,23.81578947368421,24125000.0,74960000.0,98100000.0,0.0,0.12234703451073865,0.49750234551309686,0.3801506199761645
Serie A,2022,UC Sampdoria,1728333.3333333333,82960000.0,10000000.0,25.854166666666668,12450000.0,35010000.0,35500000.0,0.0,0.15007232401157183,0.42791706846673094,0.4220106075216972
Serie A,2022,US Cremonese,1994642.857142857,83775000.0,13000000.0,25.61904761904762,19800000.0,44425000.0,22150000.0,900000.0,0.229232995658466,0.2564399421128799,0.5143270622286541
Serie A,2022,US Lecce,2697435.897435897,105200000.0,15000000.0,24.58974358974359,27600000.0,38300000.0,39300000.0,0.0,0.2623574144486692,0.373574144486692,0.36406844106463876
Serie A,2022,US Salernitana 1919,2630000.0,118350000.0,25000000.0,26.42222222222222,42125000.0,49625000.0,26550000.0,50000.0,0.35608622147083685,0.22442941673710903,0.4194843617920541
Serie A,2022,US Sassuolo,6634285.714285715,232200000.0,35000000.0,25.0,103500000.0,37200000.0,81650000.0,19500000.0,0.4654823476501012,0.36721385203507984,0.16730380031481898
Serie A,2022,Udinese Calcio,4970000.0,188860000.0,25000000.0,24.86842105263158,43400000.0,112900000.0,57485000.0,75000.0,0.20300769464649063,0.2688916434735833,0.5281006618799261
Serie A,2023,AC Milan,13605000.0,571410000.0,90000000.0,24.142857142857142,202500000.0,227010000.0,140400000.0,1500000.0,0.35531926093593724,0.24635468758224982,0.39832605148181294
Serie A,2023,AC Monza,3677564.102564103,143425000.0,18000000.0,26.128205128205128,26800000.0,44875000.0,75750000.0,1000000.0,0.18178734949974562,0.5138205867390199,0.3043920637612345
Serie A,2023,ACF Fiorentina,6929268.292682927,284100000.0,35000000.0,25.21951219512195,99000000.0,125400000.0,121200000.0,7500000.0,0.2864583333333333,0.3506944444444444,0.3628472222222222
Serie A,2023,AS Roma,8302439.024390244,340400000.0,30000000.0,24.682926829268293,109950000.0,118800000.0,120650000.0,0.0,0.3146823125357756,0.3453062392673154,0.340011448196909
Serie A,2023,Atalanta BC,10382142.857142856,436050000.0,50000000.0,24.785714285714285,107500000.0,141900000.0,186650000.0,0.0,0.24653136108244467,0.42804724228872837,0.32542139662882696
Serie A,2023,Cagliari Calcio,2426973.6842105263,92225000.0,10000000.0,26.42105263157895,20000000.0,30575000.0,41650000.0,0.0,0.2168609379235565,0.45161290322580644,0.331526158850637
Serie A,2023,FC Bologna,9440540.54054054,349300000.0,50000000.0,24.7027027027027,120000000.0,106600000.0,118700000.0,4000000.0,0.3475238922675934,0.34375905010136115,0.30871705763104546
Serie A,2023,FC Empoli,2177127.659574468,102325000.0,15000000.0,24.80851063829787,24400000.0,27225000.0,50700000.0,0.0,0.23845590031761543,0.4954800879550452,0.26606401172733934
Serie A,2023,Frosinone Calcio,2258333.333333333,108400000.0,25000000.0,24.4375,43900000.0,31925000.0,31850000.0,725000.0,0.4077083817042025,0.2957975388901788,0.2964940794056188
Serie A,2023,Genoa CFC,4440909.090909091,195400000.0,30000000.0,25.545454545454547,69600000.0,86100000.0,53700000.0,0.0,0.332378223495702,0.25644699140401145,0.41117478510028654
Serie A,2023,Hellas Verona,2814000.0,140700000.0,20000000.0,24.64,41025000.0,63250000.0,36425000.0,0.0,0.2915778251599147,0.25888415067519543,0.44953802416488986
Serie A,2023,Inter Milan,18710000.0,654850000.0,110000000.0,26.62857142857143,196650000.0,258400000.0,200800000.0,0.0,0.29983990241671116,0.3061675688038423,0.3939925287794465
Serie A,2023,Juventus Turin,12936538.461538462,504525000.0,65000000.0,24.76923076923077,222100000.0,162925000.0,179500000.0,0.0,0.39342810327266287,0.3179664319560693,0.28860546477126786
Serie A,2023,Lazio Rome,6093243.243243244,225450000.0,25000000.0,25.91891891891892,63900000.0,77050000.0,88300000.0,200000.0,0.2787350054525627,0.38516902944383863,0.3360959651035987
Serie A,2023,SSC Napoli,14714285.714285716,515000000.0,100000000.0,26.057142857142857,281000000.0,95675000.0,138325000.0,0.0,0.545631067961165,0.26859223300970875,0.18577669902912622
Serie A,2023,Torino FC,5171666.666666667,232725000.0,35000000.0,23.866666666666667,30000000.0,116925000.0,86200000.0,0.0,0.128686327077748,0.3697587131367292,0.5015549597855228
Serie A,2023,US Lecce,2762179.487179487,107725000.0,12000000.0,24.102564102564106,33600000.0,45325000.0,28700000.0,100000.0,0.3121951219512195,0.26666666666666666,0.4211382113821138
Serie A,2023,US Salernitana 1919,1892000.0,94600000.0,10000000.0,25.1,29675000.0,43975000.0,22750000.0,500000.0,0.3078319502074689,0.23599585062240663,0.45617219917012447
Serie A,2023,US Sassuolo,3671973.6842105263,139535000.0,15000000.0,25.105263157894736,52600000.0,36110000.0,46325000.0,10000000.0,0.3895286407227756,0.34305920687229235,0.26741215240493205
Serie A,2023,Udinese Calcio,3779111.111111111,170060000.0,20000000.0,24.244444444444444,57850000.0,82625000.0,61085000.0,0.0,0.287011311768208,0.30306112323873785,0.40992756499305416
